"","obs_sd","context_sd","prior_sd"
"1",0.125,0.125,0.125
"2",0.25,0.125,0.125
"3",0.5,0.125,0.125
"4",1,0.125,0.125
"5",2,0.125,0.125
"6",3,0.125,0.125
"7",4,0.125,0.125
"8",5,0.125,0.125
"9",6,0.125,0.125
"10",7,0.125,0.125
"11",8,0.125,0.125
"12",9,0.125,0.125
"13",10,0.125,0.125
"14",16,0.125,0.125
"15",32,0.125,0.125
"16",0.125,0.25,0.125
"17",0.25,0.25,0.125
"18",0.5,0.25,0.125
"19",1,0.25,0.125
"20",2,0.25,0.125
"21",3,0.25,0.125
"22",4,0.25,0.125
"23",5,0.25,0.125
"24",6,0.25,0.125
"25",7,0.25,0.125
"26",8,0.25,0.125
"27",9,0.25,0.125
"28",10,0.25,0.125
"29",16,0.25,0.125
"30",32,0.25,0.125
"31",0.125,0.5,0.125
"32",0.25,0.5,0.125
"33",0.5,0.5,0.125
"34",1,0.5,0.125
"35",2,0.5,0.125
"36",3,0.5,0.125
"37",4,0.5,0.125
"38",5,0.5,0.125
"39",6,0.5,0.125
"40",7,0.5,0.125
"41",8,0.5,0.125
"42",9,0.5,0.125
"43",10,0.5,0.125
"44",16,0.5,0.125
"45",32,0.5,0.125
"46",0.125,1,0.125
"47",0.25,1,0.125
"48",0.5,1,0.125
"49",1,1,0.125
"50",2,1,0.125
"51",3,1,0.125
"52",4,1,0.125
"53",5,1,0.125
"54",6,1,0.125
"55",7,1,0.125
"56",8,1,0.125
"57",9,1,0.125
"58",10,1,0.125
"59",16,1,0.125
"60",32,1,0.125
"61",0.125,2,0.125
"62",0.25,2,0.125
"63",0.5,2,0.125
"64",1,2,0.125
"65",2,2,0.125
"66",3,2,0.125
"67",4,2,0.125
"68",5,2,0.125
"69",6,2,0.125
"70",7,2,0.125
"71",8,2,0.125
"72",9,2,0.125
"73",10,2,0.125
"74",16,2,0.125
"75",32,2,0.125
"76",0.125,3,0.125
"77",0.25,3,0.125
"78",0.5,3,0.125
"79",1,3,0.125
"80",2,3,0.125
"81",3,3,0.125
"82",4,3,0.125
"83",5,3,0.125
"84",6,3,0.125
"85",7,3,0.125
"86",8,3,0.125
"87",9,3,0.125
"88",10,3,0.125
"89",16,3,0.125
"90",32,3,0.125
"91",0.125,4,0.125
"92",0.25,4,0.125
"93",0.5,4,0.125
"94",1,4,0.125
"95",2,4,0.125
"96",3,4,0.125
"97",4,4,0.125
"98",5,4,0.125
"99",6,4,0.125
"100",7,4,0.125
"101",8,4,0.125
"102",9,4,0.125
"103",10,4,0.125
"104",16,4,0.125
"105",32,4,0.125
"106",0.125,5,0.125
"107",0.25,5,0.125
"108",0.5,5,0.125
"109",1,5,0.125
"110",2,5,0.125
"111",3,5,0.125
"112",4,5,0.125
"113",5,5,0.125
"114",6,5,0.125
"115",7,5,0.125
"116",8,5,0.125
"117",9,5,0.125
"118",10,5,0.125
"119",16,5,0.125
"120",32,5,0.125
"121",0.125,6,0.125
"122",0.25,6,0.125
"123",0.5,6,0.125
"124",1,6,0.125
"125",2,6,0.125
"126",3,6,0.125
"127",4,6,0.125
"128",5,6,0.125
"129",6,6,0.125
"130",7,6,0.125
"131",8,6,0.125
"132",9,6,0.125
"133",10,6,0.125
"134",16,6,0.125
"135",32,6,0.125
"136",0.125,7,0.125
"137",0.25,7,0.125
"138",0.5,7,0.125
"139",1,7,0.125
"140",2,7,0.125
"141",3,7,0.125
"142",4,7,0.125
"143",5,7,0.125
"144",6,7,0.125
"145",7,7,0.125
"146",8,7,0.125
"147",9,7,0.125
"148",10,7,0.125
"149",16,7,0.125
"150",32,7,0.125
"151",0.125,8,0.125
"152",0.25,8,0.125
"153",0.5,8,0.125
"154",1,8,0.125
"155",2,8,0.125
"156",3,8,0.125
"157",4,8,0.125
"158",5,8,0.125
"159",6,8,0.125
"160",7,8,0.125
"161",8,8,0.125
"162",9,8,0.125
"163",10,8,0.125
"164",16,8,0.125
"165",32,8,0.125
"166",0.125,9,0.125
"167",0.25,9,0.125
"168",0.5,9,0.125
"169",1,9,0.125
"170",2,9,0.125
"171",3,9,0.125
"172",4,9,0.125
"173",5,9,0.125
"174",6,9,0.125
"175",7,9,0.125
"176",8,9,0.125
"177",9,9,0.125
"178",10,9,0.125
"179",16,9,0.125
"180",32,9,0.125
"181",0.125,10,0.125
"182",0.25,10,0.125
"183",0.5,10,0.125
"184",1,10,0.125
"185",2,10,0.125
"186",3,10,0.125
"187",4,10,0.125
"188",5,10,0.125
"189",6,10,0.125
"190",7,10,0.125
"191",8,10,0.125
"192",9,10,0.125
"193",10,10,0.125
"194",16,10,0.125
"195",32,10,0.125
"196",0.125,16,0.125
"197",0.25,16,0.125
"198",0.5,16,0.125
"199",1,16,0.125
"200",2,16,0.125
"201",3,16,0.125
"202",4,16,0.125
"203",5,16,0.125
"204",6,16,0.125
"205",7,16,0.125
"206",8,16,0.125
"207",9,16,0.125
"208",10,16,0.125
"209",16,16,0.125
"210",32,16,0.125
"211",0.125,32,0.125
"212",0.25,32,0.125
"213",0.5,32,0.125
"214",1,32,0.125
"215",2,32,0.125
"216",3,32,0.125
"217",4,32,0.125
"218",5,32,0.125
"219",6,32,0.125
"220",7,32,0.125
"221",8,32,0.125
"222",9,32,0.125
"223",10,32,0.125
"224",16,32,0.125
"225",32,32,0.125
"226",0.125,0.125,0.25
"227",0.25,0.125,0.25
"228",0.5,0.125,0.25
"229",1,0.125,0.25
"230",2,0.125,0.25
"231",3,0.125,0.25
"232",4,0.125,0.25
"233",5,0.125,0.25
"234",6,0.125,0.25
"235",7,0.125,0.25
"236",8,0.125,0.25
"237",9,0.125,0.25
"238",10,0.125,0.25
"239",16,0.125,0.25
"240",32,0.125,0.25
"241",0.125,0.25,0.25
"242",0.25,0.25,0.25
"243",0.5,0.25,0.25
"244",1,0.25,0.25
"245",2,0.25,0.25
"246",3,0.25,0.25
"247",4,0.25,0.25
"248",5,0.25,0.25
"249",6,0.25,0.25
"250",7,0.25,0.25
"251",8,0.25,0.25
"252",9,0.25,0.25
"253",10,0.25,0.25
"254",16,0.25,0.25
"255",32,0.25,0.25
"256",0.125,0.5,0.25
"257",0.25,0.5,0.25
"258",0.5,0.5,0.25
"259",1,0.5,0.25
"260",2,0.5,0.25
"261",3,0.5,0.25
"262",4,0.5,0.25
"263",5,0.5,0.25
"264",6,0.5,0.25
"265",7,0.5,0.25
"266",8,0.5,0.25
"267",9,0.5,0.25
"268",10,0.5,0.25
"269",16,0.5,0.25
"270",32,0.5,0.25
"271",0.125,1,0.25
"272",0.25,1,0.25
"273",0.5,1,0.25
"274",1,1,0.25
"275",2,1,0.25
"276",3,1,0.25
"277",4,1,0.25
"278",5,1,0.25
"279",6,1,0.25
"280",7,1,0.25
"281",8,1,0.25
"282",9,1,0.25
"283",10,1,0.25
"284",16,1,0.25
"285",32,1,0.25
"286",0.125,2,0.25
"287",0.25,2,0.25
"288",0.5,2,0.25
"289",1,2,0.25
"290",2,2,0.25
"291",3,2,0.25
"292",4,2,0.25
"293",5,2,0.25
"294",6,2,0.25
"295",7,2,0.25
"296",8,2,0.25
"297",9,2,0.25
"298",10,2,0.25
"299",16,2,0.25
"300",32,2,0.25
"301",0.125,3,0.25
"302",0.25,3,0.25
"303",0.5,3,0.25
"304",1,3,0.25
"305",2,3,0.25
"306",3,3,0.25
"307",4,3,0.25
"308",5,3,0.25
"309",6,3,0.25
"310",7,3,0.25
"311",8,3,0.25
"312",9,3,0.25
"313",10,3,0.25
"314",16,3,0.25
"315",32,3,0.25
"316",0.125,4,0.25
"317",0.25,4,0.25
"318",0.5,4,0.25
"319",1,4,0.25
"320",2,4,0.25
"321",3,4,0.25
"322",4,4,0.25
"323",5,4,0.25
"324",6,4,0.25
"325",7,4,0.25
"326",8,4,0.25
"327",9,4,0.25
"328",10,4,0.25
"329",16,4,0.25
"330",32,4,0.25
"331",0.125,5,0.25
"332",0.25,5,0.25
"333",0.5,5,0.25
"334",1,5,0.25
"335",2,5,0.25
"336",3,5,0.25
"337",4,5,0.25
"338",5,5,0.25
"339",6,5,0.25
"340",7,5,0.25
"341",8,5,0.25
"342",9,5,0.25
"343",10,5,0.25
"344",16,5,0.25
"345",32,5,0.25
"346",0.125,6,0.25
"347",0.25,6,0.25
"348",0.5,6,0.25
"349",1,6,0.25
"350",2,6,0.25
"351",3,6,0.25
"352",4,6,0.25
"353",5,6,0.25
"354",6,6,0.25
"355",7,6,0.25
"356",8,6,0.25
"357",9,6,0.25
"358",10,6,0.25
"359",16,6,0.25
"360",32,6,0.25
"361",0.125,7,0.25
"362",0.25,7,0.25
"363",0.5,7,0.25
"364",1,7,0.25
"365",2,7,0.25
"366",3,7,0.25
"367",4,7,0.25
"368",5,7,0.25
"369",6,7,0.25
"370",7,7,0.25
"371",8,7,0.25
"372",9,7,0.25
"373",10,7,0.25
"374",16,7,0.25
"375",32,7,0.25
"376",0.125,8,0.25
"377",0.25,8,0.25
"378",0.5,8,0.25
"379",1,8,0.25
"380",2,8,0.25
"381",3,8,0.25
"382",4,8,0.25
"383",5,8,0.25
"384",6,8,0.25
"385",7,8,0.25
"386",8,8,0.25
"387",9,8,0.25
"388",10,8,0.25
"389",16,8,0.25
"390",32,8,0.25
"391",0.125,9,0.25
"392",0.25,9,0.25
"393",0.5,9,0.25
"394",1,9,0.25
"395",2,9,0.25
"396",3,9,0.25
"397",4,9,0.25
"398",5,9,0.25
"399",6,9,0.25
"400",7,9,0.25
"401",8,9,0.25
"402",9,9,0.25
"403",10,9,0.25
"404",16,9,0.25
"405",32,9,0.25
"406",0.125,10,0.25
"407",0.25,10,0.25
"408",0.5,10,0.25
"409",1,10,0.25
"410",2,10,0.25
"411",3,10,0.25
"412",4,10,0.25
"413",5,10,0.25
"414",6,10,0.25
"415",7,10,0.25
"416",8,10,0.25
"417",9,10,0.25
"418",10,10,0.25
"419",16,10,0.25
"420",32,10,0.25
"421",0.125,16,0.25
"422",0.25,16,0.25
"423",0.5,16,0.25
"424",1,16,0.25
"425",2,16,0.25
"426",3,16,0.25
"427",4,16,0.25
"428",5,16,0.25
"429",6,16,0.25
"430",7,16,0.25
"431",8,16,0.25
"432",9,16,0.25
"433",10,16,0.25
"434",16,16,0.25
"435",32,16,0.25
"436",0.125,32,0.25
"437",0.25,32,0.25
"438",0.5,32,0.25
"439",1,32,0.25
"440",2,32,0.25
"441",3,32,0.25
"442",4,32,0.25
"443",5,32,0.25
"444",6,32,0.25
"445",7,32,0.25
"446",8,32,0.25
"447",9,32,0.25
"448",10,32,0.25
"449",16,32,0.25
"450",32,32,0.25
"451",0.125,0.125,0.5
"452",0.25,0.125,0.5
"453",0.5,0.125,0.5
"454",1,0.125,0.5
"455",2,0.125,0.5
"456",3,0.125,0.5
"457",4,0.125,0.5
"458",5,0.125,0.5
"459",6,0.125,0.5
"460",7,0.125,0.5
"461",8,0.125,0.5
"462",9,0.125,0.5
"463",10,0.125,0.5
"464",16,0.125,0.5
"465",32,0.125,0.5
"466",0.125,0.25,0.5
"467",0.25,0.25,0.5
"468",0.5,0.25,0.5
"469",1,0.25,0.5
"470",2,0.25,0.5
"471",3,0.25,0.5
"472",4,0.25,0.5
"473",5,0.25,0.5
"474",6,0.25,0.5
"475",7,0.25,0.5
"476",8,0.25,0.5
"477",9,0.25,0.5
"478",10,0.25,0.5
"479",16,0.25,0.5
"480",32,0.25,0.5
"481",0.125,0.5,0.5
"482",0.25,0.5,0.5
"483",0.5,0.5,0.5
"484",1,0.5,0.5
"485",2,0.5,0.5
"486",3,0.5,0.5
"487",4,0.5,0.5
"488",5,0.5,0.5
"489",6,0.5,0.5
"490",7,0.5,0.5
"491",8,0.5,0.5
"492",9,0.5,0.5
"493",10,0.5,0.5
"494",16,0.5,0.5
"495",32,0.5,0.5
"496",0.125,1,0.5
"497",0.25,1,0.5
"498",0.5,1,0.5
"499",1,1,0.5
"500",2,1,0.5
"501",3,1,0.5
"502",4,1,0.5
"503",5,1,0.5
"504",6,1,0.5
"505",7,1,0.5
"506",8,1,0.5
"507",9,1,0.5
"508",10,1,0.5
"509",16,1,0.5
"510",32,1,0.5
"511",0.125,2,0.5
"512",0.25,2,0.5
"513",0.5,2,0.5
"514",1,2,0.5
"515",2,2,0.5
"516",3,2,0.5
"517",4,2,0.5
"518",5,2,0.5
"519",6,2,0.5
"520",7,2,0.5
"521",8,2,0.5
"522",9,2,0.5
"523",10,2,0.5
"524",16,2,0.5
"525",32,2,0.5
"526",0.125,3,0.5
"527",0.25,3,0.5
"528",0.5,3,0.5
"529",1,3,0.5
"530",2,3,0.5
"531",3,3,0.5
"532",4,3,0.5
"533",5,3,0.5
"534",6,3,0.5
"535",7,3,0.5
"536",8,3,0.5
"537",9,3,0.5
"538",10,3,0.5
"539",16,3,0.5
"540",32,3,0.5
"541",0.125,4,0.5
"542",0.25,4,0.5
"543",0.5,4,0.5
"544",1,4,0.5
"545",2,4,0.5
"546",3,4,0.5
"547",4,4,0.5
"548",5,4,0.5
"549",6,4,0.5
"550",7,4,0.5
"551",8,4,0.5
"552",9,4,0.5
"553",10,4,0.5
"554",16,4,0.5
"555",32,4,0.5
"556",0.125,5,0.5
"557",0.25,5,0.5
"558",0.5,5,0.5
"559",1,5,0.5
"560",2,5,0.5
"561",3,5,0.5
"562",4,5,0.5
"563",5,5,0.5
"564",6,5,0.5
"565",7,5,0.5
"566",8,5,0.5
"567",9,5,0.5
"568",10,5,0.5
"569",16,5,0.5
"570",32,5,0.5
"571",0.125,6,0.5
"572",0.25,6,0.5
"573",0.5,6,0.5
"574",1,6,0.5
"575",2,6,0.5
"576",3,6,0.5
"577",4,6,0.5
"578",5,6,0.5
"579",6,6,0.5
"580",7,6,0.5
"581",8,6,0.5
"582",9,6,0.5
"583",10,6,0.5
"584",16,6,0.5
"585",32,6,0.5
"586",0.125,7,0.5
"587",0.25,7,0.5
"588",0.5,7,0.5
"589",1,7,0.5
"590",2,7,0.5
"591",3,7,0.5
"592",4,7,0.5
"593",5,7,0.5
"594",6,7,0.5
"595",7,7,0.5
"596",8,7,0.5
"597",9,7,0.5
"598",10,7,0.5
"599",16,7,0.5
"600",32,7,0.5
"601",0.125,8,0.5
"602",0.25,8,0.5
"603",0.5,8,0.5
"604",1,8,0.5
"605",2,8,0.5
"606",3,8,0.5
"607",4,8,0.5
"608",5,8,0.5
"609",6,8,0.5
"610",7,8,0.5
"611",8,8,0.5
"612",9,8,0.5
"613",10,8,0.5
"614",16,8,0.5
"615",32,8,0.5
"616",0.125,9,0.5
"617",0.25,9,0.5
"618",0.5,9,0.5
"619",1,9,0.5
"620",2,9,0.5
"621",3,9,0.5
"622",4,9,0.5
"623",5,9,0.5
"624",6,9,0.5
"625",7,9,0.5
"626",8,9,0.5
"627",9,9,0.5
"628",10,9,0.5
"629",16,9,0.5
"630",32,9,0.5
"631",0.125,10,0.5
"632",0.25,10,0.5
"633",0.5,10,0.5
"634",1,10,0.5
"635",2,10,0.5
"636",3,10,0.5
"637",4,10,0.5
"638",5,10,0.5
"639",6,10,0.5
"640",7,10,0.5
"641",8,10,0.5
"642",9,10,0.5
"643",10,10,0.5
"644",16,10,0.5
"645",32,10,0.5
"646",0.125,16,0.5
"647",0.25,16,0.5
"648",0.5,16,0.5
"649",1,16,0.5
"650",2,16,0.5
"651",3,16,0.5
"652",4,16,0.5
"653",5,16,0.5
"654",6,16,0.5
"655",7,16,0.5
"656",8,16,0.5
"657",9,16,0.5
"658",10,16,0.5
"659",16,16,0.5
"660",32,16,0.5
"661",0.125,32,0.5
"662",0.25,32,0.5
"663",0.5,32,0.5
"664",1,32,0.5
"665",2,32,0.5
"666",3,32,0.5
"667",4,32,0.5
"668",5,32,0.5
"669",6,32,0.5
"670",7,32,0.5
"671",8,32,0.5
"672",9,32,0.5
"673",10,32,0.5
"674",16,32,0.5
"675",32,32,0.5
"676",0.125,0.125,1
"677",0.25,0.125,1
"678",0.5,0.125,1
"679",1,0.125,1
"680",2,0.125,1
"681",3,0.125,1
"682",4,0.125,1
"683",5,0.125,1
"684",6,0.125,1
"685",7,0.125,1
"686",8,0.125,1
"687",9,0.125,1
"688",10,0.125,1
"689",16,0.125,1
"690",32,0.125,1
"691",0.125,0.25,1
"692",0.25,0.25,1
"693",0.5,0.25,1
"694",1,0.25,1
"695",2,0.25,1
"696",3,0.25,1
"697",4,0.25,1
"698",5,0.25,1
"699",6,0.25,1
"700",7,0.25,1
"701",8,0.25,1
"702",9,0.25,1
"703",10,0.25,1
"704",16,0.25,1
"705",32,0.25,1
"706",0.125,0.5,1
"707",0.25,0.5,1
"708",0.5,0.5,1
"709",1,0.5,1
"710",2,0.5,1
"711",3,0.5,1
"712",4,0.5,1
"713",5,0.5,1
"714",6,0.5,1
"715",7,0.5,1
"716",8,0.5,1
"717",9,0.5,1
"718",10,0.5,1
"719",16,0.5,1
"720",32,0.5,1
"721",0.125,1,1
"722",0.25,1,1
"723",0.5,1,1
"724",1,1,1
"725",2,1,1
"726",3,1,1
"727",4,1,1
"728",5,1,1
"729",6,1,1
"730",7,1,1
"731",8,1,1
"732",9,1,1
"733",10,1,1
"734",16,1,1
"735",32,1,1
"736",0.125,2,1
"737",0.25,2,1
"738",0.5,2,1
"739",1,2,1
"740",2,2,1
"741",3,2,1
"742",4,2,1
"743",5,2,1
"744",6,2,1
"745",7,2,1
"746",8,2,1
"747",9,2,1
"748",10,2,1
"749",16,2,1
"750",32,2,1
"751",0.125,3,1
"752",0.25,3,1
"753",0.5,3,1
"754",1,3,1
"755",2,3,1
"756",3,3,1
"757",4,3,1
"758",5,3,1
"759",6,3,1
"760",7,3,1
"761",8,3,1
"762",9,3,1
"763",10,3,1
"764",16,3,1
"765",32,3,1
"766",0.125,4,1
"767",0.25,4,1
"768",0.5,4,1
"769",1,4,1
"770",2,4,1
"771",3,4,1
"772",4,4,1
"773",5,4,1
"774",6,4,1
"775",7,4,1
"776",8,4,1
"777",9,4,1
"778",10,4,1
"779",16,4,1
"780",32,4,1
"781",0.125,5,1
"782",0.25,5,1
"783",0.5,5,1
"784",1,5,1
"785",2,5,1
"786",3,5,1
"787",4,5,1
"788",5,5,1
"789",6,5,1
"790",7,5,1
"791",8,5,1
"792",9,5,1
"793",10,5,1
"794",16,5,1
"795",32,5,1
"796",0.125,6,1
"797",0.25,6,1
"798",0.5,6,1
"799",1,6,1
"800",2,6,1
"801",3,6,1
"802",4,6,1
"803",5,6,1
"804",6,6,1
"805",7,6,1
"806",8,6,1
"807",9,6,1
"808",10,6,1
"809",16,6,1
"810",32,6,1
"811",0.125,7,1
"812",0.25,7,1
"813",0.5,7,1
"814",1,7,1
"815",2,7,1
"816",3,7,1
"817",4,7,1
"818",5,7,1
"819",6,7,1
"820",7,7,1
"821",8,7,1
"822",9,7,1
"823",10,7,1
"824",16,7,1
"825",32,7,1
"826",0.125,8,1
"827",0.25,8,1
"828",0.5,8,1
"829",1,8,1
"830",2,8,1
"831",3,8,1
"832",4,8,1
"833",5,8,1
"834",6,8,1
"835",7,8,1
"836",8,8,1
"837",9,8,1
"838",10,8,1
"839",16,8,1
"840",32,8,1
"841",0.125,9,1
"842",0.25,9,1
"843",0.5,9,1
"844",1,9,1
"845",2,9,1
"846",3,9,1
"847",4,9,1
"848",5,9,1
"849",6,9,1
"850",7,9,1
"851",8,9,1
"852",9,9,1
"853",10,9,1
"854",16,9,1
"855",32,9,1
"856",0.125,10,1
"857",0.25,10,1
"858",0.5,10,1
"859",1,10,1
"860",2,10,1
"861",3,10,1
"862",4,10,1
"863",5,10,1
"864",6,10,1
"865",7,10,1
"866",8,10,1
"867",9,10,1
"868",10,10,1
"869",16,10,1
"870",32,10,1
"871",0.125,16,1
"872",0.25,16,1
"873",0.5,16,1
"874",1,16,1
"875",2,16,1
"876",3,16,1
"877",4,16,1
"878",5,16,1
"879",6,16,1
"880",7,16,1
"881",8,16,1
"882",9,16,1
"883",10,16,1
"884",16,16,1
"885",32,16,1
"886",0.125,32,1
"887",0.25,32,1
"888",0.5,32,1
"889",1,32,1
"890",2,32,1
"891",3,32,1
"892",4,32,1
"893",5,32,1
"894",6,32,1
"895",7,32,1
"896",8,32,1
"897",9,32,1
"898",10,32,1
"899",16,32,1
"900",32,32,1
"901",0.125,0.125,2
"902",0.25,0.125,2
"903",0.5,0.125,2
"904",1,0.125,2
"905",2,0.125,2
"906",3,0.125,2
"907",4,0.125,2
"908",5,0.125,2
"909",6,0.125,2
"910",7,0.125,2
"911",8,0.125,2
"912",9,0.125,2
"913",10,0.125,2
"914",16,0.125,2
"915",32,0.125,2
"916",0.125,0.25,2
"917",0.25,0.25,2
"918",0.5,0.25,2
"919",1,0.25,2
"920",2,0.25,2
"921",3,0.25,2
"922",4,0.25,2
"923",5,0.25,2
"924",6,0.25,2
"925",7,0.25,2
"926",8,0.25,2
"927",9,0.25,2
"928",10,0.25,2
"929",16,0.25,2
"930",32,0.25,2
"931",0.125,0.5,2
"932",0.25,0.5,2
"933",0.5,0.5,2
"934",1,0.5,2
"935",2,0.5,2
"936",3,0.5,2
"937",4,0.5,2
"938",5,0.5,2
"939",6,0.5,2
"940",7,0.5,2
"941",8,0.5,2
"942",9,0.5,2
"943",10,0.5,2
"944",16,0.5,2
"945",32,0.5,2
"946",0.125,1,2
"947",0.25,1,2
"948",0.5,1,2
"949",1,1,2
"950",2,1,2
"951",3,1,2
"952",4,1,2
"953",5,1,2
"954",6,1,2
"955",7,1,2
"956",8,1,2
"957",9,1,2
"958",10,1,2
"959",16,1,2
"960",32,1,2
"961",0.125,2,2
"962",0.25,2,2
"963",0.5,2,2
"964",1,2,2
"965",2,2,2
"966",3,2,2
"967",4,2,2
"968",5,2,2
"969",6,2,2
"970",7,2,2
"971",8,2,2
"972",9,2,2
"973",10,2,2
"974",16,2,2
"975",32,2,2
"976",0.125,3,2
"977",0.25,3,2
"978",0.5,3,2
"979",1,3,2
"980",2,3,2
"981",3,3,2
"982",4,3,2
"983",5,3,2
"984",6,3,2
"985",7,3,2
"986",8,3,2
"987",9,3,2
"988",10,3,2
"989",16,3,2
"990",32,3,2
"991",0.125,4,2
"992",0.25,4,2
"993",0.5,4,2
"994",1,4,2
"995",2,4,2
"996",3,4,2
"997",4,4,2
"998",5,4,2
"999",6,4,2
"1000",7,4,2
"1001",8,4,2
"1002",9,4,2
"1003",10,4,2
"1004",16,4,2
"1005",32,4,2
"1006",0.125,5,2
"1007",0.25,5,2
"1008",0.5,5,2
"1009",1,5,2
"1010",2,5,2
"1011",3,5,2
"1012",4,5,2
"1013",5,5,2
"1014",6,5,2
"1015",7,5,2
"1016",8,5,2
"1017",9,5,2
"1018",10,5,2
"1019",16,5,2
"1020",32,5,2
"1021",0.125,6,2
"1022",0.25,6,2
"1023",0.5,6,2
"1024",1,6,2
"1025",2,6,2
"1026",3,6,2
"1027",4,6,2
"1028",5,6,2
"1029",6,6,2
"1030",7,6,2
"1031",8,6,2
"1032",9,6,2
"1033",10,6,2
"1034",16,6,2
"1035",32,6,2
"1036",0.125,7,2
"1037",0.25,7,2
"1038",0.5,7,2
"1039",1,7,2
"1040",2,7,2
"1041",3,7,2
"1042",4,7,2
"1043",5,7,2
"1044",6,7,2
"1045",7,7,2
"1046",8,7,2
"1047",9,7,2
"1048",10,7,2
"1049",16,7,2
"1050",32,7,2
"1051",0.125,8,2
"1052",0.25,8,2
"1053",0.5,8,2
"1054",1,8,2
"1055",2,8,2
"1056",3,8,2
"1057",4,8,2
"1058",5,8,2
"1059",6,8,2
"1060",7,8,2
"1061",8,8,2
"1062",9,8,2
"1063",10,8,2
"1064",16,8,2
"1065",32,8,2
"1066",0.125,9,2
"1067",0.25,9,2
"1068",0.5,9,2
"1069",1,9,2
"1070",2,9,2
"1071",3,9,2
"1072",4,9,2
"1073",5,9,2
"1074",6,9,2
"1075",7,9,2
"1076",8,9,2
"1077",9,9,2
"1078",10,9,2
"1079",16,9,2
"1080",32,9,2
"1081",0.125,10,2
"1082",0.25,10,2
"1083",0.5,10,2
"1084",1,10,2
"1085",2,10,2
"1086",3,10,2
"1087",4,10,2
"1088",5,10,2
"1089",6,10,2
"1090",7,10,2
"1091",8,10,2
"1092",9,10,2
"1093",10,10,2
"1094",16,10,2
"1095",32,10,2
"1096",0.125,16,2
"1097",0.25,16,2
"1098",0.5,16,2
"1099",1,16,2
"1100",2,16,2
"1101",3,16,2
"1102",4,16,2
"1103",5,16,2
"1104",6,16,2
"1105",7,16,2
"1106",8,16,2
"1107",9,16,2
"1108",10,16,2
"1109",16,16,2
"1110",32,16,2
"1111",0.125,32,2
"1112",0.25,32,2
"1113",0.5,32,2
"1114",1,32,2
"1115",2,32,2
"1116",3,32,2
"1117",4,32,2
"1118",5,32,2
"1119",6,32,2
"1120",7,32,2
"1121",8,32,2
"1122",9,32,2
"1123",10,32,2
"1124",16,32,2
"1125",32,32,2
"1126",0.125,0.125,3
"1127",0.25,0.125,3
"1128",0.5,0.125,3
"1129",1,0.125,3
"1130",2,0.125,3
"1131",3,0.125,3
"1132",4,0.125,3
"1133",5,0.125,3
"1134",6,0.125,3
"1135",7,0.125,3
"1136",8,0.125,3
"1137",9,0.125,3
"1138",10,0.125,3
"1139",16,0.125,3
"1140",32,0.125,3
"1141",0.125,0.25,3
"1142",0.25,0.25,3
"1143",0.5,0.25,3
"1144",1,0.25,3
"1145",2,0.25,3
"1146",3,0.25,3
"1147",4,0.25,3
"1148",5,0.25,3
"1149",6,0.25,3
"1150",7,0.25,3
"1151",8,0.25,3
"1152",9,0.25,3
"1153",10,0.25,3
"1154",16,0.25,3
"1155",32,0.25,3
"1156",0.125,0.5,3
"1157",0.25,0.5,3
"1158",0.5,0.5,3
"1159",1,0.5,3
"1160",2,0.5,3
"1161",3,0.5,3
"1162",4,0.5,3
"1163",5,0.5,3
"1164",6,0.5,3
"1165",7,0.5,3
"1166",8,0.5,3
"1167",9,0.5,3
"1168",10,0.5,3
"1169",16,0.5,3
"1170",32,0.5,3
"1171",0.125,1,3
"1172",0.25,1,3
"1173",0.5,1,3
"1174",1,1,3
"1175",2,1,3
"1176",3,1,3
"1177",4,1,3
"1178",5,1,3
"1179",6,1,3
"1180",7,1,3
"1181",8,1,3
"1182",9,1,3
"1183",10,1,3
"1184",16,1,3
"1185",32,1,3
"1186",0.125,2,3
"1187",0.25,2,3
"1188",0.5,2,3
"1189",1,2,3
"1190",2,2,3
"1191",3,2,3
"1192",4,2,3
"1193",5,2,3
"1194",6,2,3
"1195",7,2,3
"1196",8,2,3
"1197",9,2,3
"1198",10,2,3
"1199",16,2,3
"1200",32,2,3
"1201",0.125,3,3
"1202",0.25,3,3
"1203",0.5,3,3
"1204",1,3,3
"1205",2,3,3
"1206",3,3,3
"1207",4,3,3
"1208",5,3,3
"1209",6,3,3
"1210",7,3,3
"1211",8,3,3
"1212",9,3,3
"1213",10,3,3
"1214",16,3,3
"1215",32,3,3
"1216",0.125,4,3
"1217",0.25,4,3
"1218",0.5,4,3
"1219",1,4,3
"1220",2,4,3
"1221",3,4,3
"1222",4,4,3
"1223",5,4,3
"1224",6,4,3
"1225",7,4,3
"1226",8,4,3
"1227",9,4,3
"1228",10,4,3
"1229",16,4,3
"1230",32,4,3
"1231",0.125,5,3
"1232",0.25,5,3
"1233",0.5,5,3
"1234",1,5,3
"1235",2,5,3
"1236",3,5,3
"1237",4,5,3
"1238",5,5,3
"1239",6,5,3
"1240",7,5,3
"1241",8,5,3
"1242",9,5,3
"1243",10,5,3
"1244",16,5,3
"1245",32,5,3
"1246",0.125,6,3
"1247",0.25,6,3
"1248",0.5,6,3
"1249",1,6,3
"1250",2,6,3
"1251",3,6,3
"1252",4,6,3
"1253",5,6,3
"1254",6,6,3
"1255",7,6,3
"1256",8,6,3
"1257",9,6,3
"1258",10,6,3
"1259",16,6,3
"1260",32,6,3
"1261",0.125,7,3
"1262",0.25,7,3
"1263",0.5,7,3
"1264",1,7,3
"1265",2,7,3
"1266",3,7,3
"1267",4,7,3
"1268",5,7,3
"1269",6,7,3
"1270",7,7,3
"1271",8,7,3
"1272",9,7,3
"1273",10,7,3
"1274",16,7,3
"1275",32,7,3
"1276",0.125,8,3
"1277",0.25,8,3
"1278",0.5,8,3
"1279",1,8,3
"1280",2,8,3
"1281",3,8,3
"1282",4,8,3
"1283",5,8,3
"1284",6,8,3
"1285",7,8,3
"1286",8,8,3
"1287",9,8,3
"1288",10,8,3
"1289",16,8,3
"1290",32,8,3
"1291",0.125,9,3
"1292",0.25,9,3
"1293",0.5,9,3
"1294",1,9,3
"1295",2,9,3
"1296",3,9,3
"1297",4,9,3
"1298",5,9,3
"1299",6,9,3
"1300",7,9,3
"1301",8,9,3
"1302",9,9,3
"1303",10,9,3
"1304",16,9,3
"1305",32,9,3
"1306",0.125,10,3
"1307",0.25,10,3
"1308",0.5,10,3
"1309",1,10,3
"1310",2,10,3
"1311",3,10,3
"1312",4,10,3
"1313",5,10,3
"1314",6,10,3
"1315",7,10,3
"1316",8,10,3
"1317",9,10,3
"1318",10,10,3
"1319",16,10,3
"1320",32,10,3
"1321",0.125,16,3
"1322",0.25,16,3
"1323",0.5,16,3
"1324",1,16,3
"1325",2,16,3
"1326",3,16,3
"1327",4,16,3
"1328",5,16,3
"1329",6,16,3
"1330",7,16,3
"1331",8,16,3
"1332",9,16,3
"1333",10,16,3
"1334",16,16,3
"1335",32,16,3
"1336",0.125,32,3
"1337",0.25,32,3
"1338",0.5,32,3
"1339",1,32,3
"1340",2,32,3
"1341",3,32,3
"1342",4,32,3
"1343",5,32,3
"1344",6,32,3
"1345",7,32,3
"1346",8,32,3
"1347",9,32,3
"1348",10,32,3
"1349",16,32,3
"1350",32,32,3
"1351",0.125,0.125,4
"1352",0.25,0.125,4
"1353",0.5,0.125,4
"1354",1,0.125,4
"1355",2,0.125,4
"1356",3,0.125,4
"1357",4,0.125,4
"1358",5,0.125,4
"1359",6,0.125,4
"1360",7,0.125,4
"1361",8,0.125,4
"1362",9,0.125,4
"1363",10,0.125,4
"1364",16,0.125,4
"1365",32,0.125,4
"1366",0.125,0.25,4
"1367",0.25,0.25,4
"1368",0.5,0.25,4
"1369",1,0.25,4
"1370",2,0.25,4
"1371",3,0.25,4
"1372",4,0.25,4
"1373",5,0.25,4
"1374",6,0.25,4
"1375",7,0.25,4
"1376",8,0.25,4
"1377",9,0.25,4
"1378",10,0.25,4
"1379",16,0.25,4
"1380",32,0.25,4
"1381",0.125,0.5,4
"1382",0.25,0.5,4
"1383",0.5,0.5,4
"1384",1,0.5,4
"1385",2,0.5,4
"1386",3,0.5,4
"1387",4,0.5,4
"1388",5,0.5,4
"1389",6,0.5,4
"1390",7,0.5,4
"1391",8,0.5,4
"1392",9,0.5,4
"1393",10,0.5,4
"1394",16,0.5,4
"1395",32,0.5,4
"1396",0.125,1,4
"1397",0.25,1,4
"1398",0.5,1,4
"1399",1,1,4
"1400",2,1,4
"1401",3,1,4
"1402",4,1,4
"1403",5,1,4
"1404",6,1,4
"1405",7,1,4
"1406",8,1,4
"1407",9,1,4
"1408",10,1,4
"1409",16,1,4
"1410",32,1,4
"1411",0.125,2,4
"1412",0.25,2,4
"1413",0.5,2,4
"1414",1,2,4
"1415",2,2,4
"1416",3,2,4
"1417",4,2,4
"1418",5,2,4
"1419",6,2,4
"1420",7,2,4
"1421",8,2,4
"1422",9,2,4
"1423",10,2,4
"1424",16,2,4
"1425",32,2,4
"1426",0.125,3,4
"1427",0.25,3,4
"1428",0.5,3,4
"1429",1,3,4
"1430",2,3,4
"1431",3,3,4
"1432",4,3,4
"1433",5,3,4
"1434",6,3,4
"1435",7,3,4
"1436",8,3,4
"1437",9,3,4
"1438",10,3,4
"1439",16,3,4
"1440",32,3,4
"1441",0.125,4,4
"1442",0.25,4,4
"1443",0.5,4,4
"1444",1,4,4
"1445",2,4,4
"1446",3,4,4
"1447",4,4,4
"1448",5,4,4
"1449",6,4,4
"1450",7,4,4
"1451",8,4,4
"1452",9,4,4
"1453",10,4,4
"1454",16,4,4
"1455",32,4,4
"1456",0.125,5,4
"1457",0.25,5,4
"1458",0.5,5,4
"1459",1,5,4
"1460",2,5,4
"1461",3,5,4
"1462",4,5,4
"1463",5,5,4
"1464",6,5,4
"1465",7,5,4
"1466",8,5,4
"1467",9,5,4
"1468",10,5,4
"1469",16,5,4
"1470",32,5,4
"1471",0.125,6,4
"1472",0.25,6,4
"1473",0.5,6,4
"1474",1,6,4
"1475",2,6,4
"1476",3,6,4
"1477",4,6,4
"1478",5,6,4
"1479",6,6,4
"1480",7,6,4
"1481",8,6,4
"1482",9,6,4
"1483",10,6,4
"1484",16,6,4
"1485",32,6,4
"1486",0.125,7,4
"1487",0.25,7,4
"1488",0.5,7,4
"1489",1,7,4
"1490",2,7,4
"1491",3,7,4
"1492",4,7,4
"1493",5,7,4
"1494",6,7,4
"1495",7,7,4
"1496",8,7,4
"1497",9,7,4
"1498",10,7,4
"1499",16,7,4
"1500",32,7,4
"1501",0.125,8,4
"1502",0.25,8,4
"1503",0.5,8,4
"1504",1,8,4
"1505",2,8,4
"1506",3,8,4
"1507",4,8,4
"1508",5,8,4
"1509",6,8,4
"1510",7,8,4
"1511",8,8,4
"1512",9,8,4
"1513",10,8,4
"1514",16,8,4
"1515",32,8,4
"1516",0.125,9,4
"1517",0.25,9,4
"1518",0.5,9,4
"1519",1,9,4
"1520",2,9,4
"1521",3,9,4
"1522",4,9,4
"1523",5,9,4
"1524",6,9,4
"1525",7,9,4
"1526",8,9,4
"1527",9,9,4
"1528",10,9,4
"1529",16,9,4
"1530",32,9,4
"1531",0.125,10,4
"1532",0.25,10,4
"1533",0.5,10,4
"1534",1,10,4
"1535",2,10,4
"1536",3,10,4
"1537",4,10,4
"1538",5,10,4
"1539",6,10,4
"1540",7,10,4
"1541",8,10,4
"1542",9,10,4
"1543",10,10,4
"1544",16,10,4
"1545",32,10,4
"1546",0.125,16,4
"1547",0.25,16,4
"1548",0.5,16,4
"1549",1,16,4
"1550",2,16,4
"1551",3,16,4
"1552",4,16,4
"1553",5,16,4
"1554",6,16,4
"1555",7,16,4
"1556",8,16,4
"1557",9,16,4
"1558",10,16,4
"1559",16,16,4
"1560",32,16,4
"1561",0.125,32,4
"1562",0.25,32,4
"1563",0.5,32,4
"1564",1,32,4
"1565",2,32,4
"1566",3,32,4
"1567",4,32,4
"1568",5,32,4
"1569",6,32,4
"1570",7,32,4
"1571",8,32,4
"1572",9,32,4
"1573",10,32,4
"1574",16,32,4
"1575",32,32,4
"1576",0.125,0.125,5
"1577",0.25,0.125,5
"1578",0.5,0.125,5
"1579",1,0.125,5
"1580",2,0.125,5
"1581",3,0.125,5
"1582",4,0.125,5
"1583",5,0.125,5
"1584",6,0.125,5
"1585",7,0.125,5
"1586",8,0.125,5
"1587",9,0.125,5
"1588",10,0.125,5
"1589",16,0.125,5
"1590",32,0.125,5
"1591",0.125,0.25,5
"1592",0.25,0.25,5
"1593",0.5,0.25,5
"1594",1,0.25,5
"1595",2,0.25,5
"1596",3,0.25,5
"1597",4,0.25,5
"1598",5,0.25,5
"1599",6,0.25,5
"1600",7,0.25,5
"1601",8,0.25,5
"1602",9,0.25,5
"1603",10,0.25,5
"1604",16,0.25,5
"1605",32,0.25,5
"1606",0.125,0.5,5
"1607",0.25,0.5,5
"1608",0.5,0.5,5
"1609",1,0.5,5
"1610",2,0.5,5
"1611",3,0.5,5
"1612",4,0.5,5
"1613",5,0.5,5
"1614",6,0.5,5
"1615",7,0.5,5
"1616",8,0.5,5
"1617",9,0.5,5
"1618",10,0.5,5
"1619",16,0.5,5
"1620",32,0.5,5
"1621",0.125,1,5
"1622",0.25,1,5
"1623",0.5,1,5
"1624",1,1,5
"1625",2,1,5
"1626",3,1,5
"1627",4,1,5
"1628",5,1,5
"1629",6,1,5
"1630",7,1,5
"1631",8,1,5
"1632",9,1,5
"1633",10,1,5
"1634",16,1,5
"1635",32,1,5
"1636",0.125,2,5
"1637",0.25,2,5
"1638",0.5,2,5
"1639",1,2,5
"1640",2,2,5
"1641",3,2,5
"1642",4,2,5
"1643",5,2,5
"1644",6,2,5
"1645",7,2,5
"1646",8,2,5
"1647",9,2,5
"1648",10,2,5
"1649",16,2,5
"1650",32,2,5
"1651",0.125,3,5
"1652",0.25,3,5
"1653",0.5,3,5
"1654",1,3,5
"1655",2,3,5
"1656",3,3,5
"1657",4,3,5
"1658",5,3,5
"1659",6,3,5
"1660",7,3,5
"1661",8,3,5
"1662",9,3,5
"1663",10,3,5
"1664",16,3,5
"1665",32,3,5
"1666",0.125,4,5
"1667",0.25,4,5
"1668",0.5,4,5
"1669",1,4,5
"1670",2,4,5
"1671",3,4,5
"1672",4,4,5
"1673",5,4,5
"1674",6,4,5
"1675",7,4,5
"1676",8,4,5
"1677",9,4,5
"1678",10,4,5
"1679",16,4,5
"1680",32,4,5
"1681",0.125,5,5
"1682",0.25,5,5
"1683",0.5,5,5
"1684",1,5,5
"1685",2,5,5
"1686",3,5,5
"1687",4,5,5
"1688",5,5,5
"1689",6,5,5
"1690",7,5,5
"1691",8,5,5
"1692",9,5,5
"1693",10,5,5
"1694",16,5,5
"1695",32,5,5
"1696",0.125,6,5
"1697",0.25,6,5
"1698",0.5,6,5
"1699",1,6,5
"1700",2,6,5
"1701",3,6,5
"1702",4,6,5
"1703",5,6,5
"1704",6,6,5
"1705",7,6,5
"1706",8,6,5
"1707",9,6,5
"1708",10,6,5
"1709",16,6,5
"1710",32,6,5
"1711",0.125,7,5
"1712",0.25,7,5
"1713",0.5,7,5
"1714",1,7,5
"1715",2,7,5
"1716",3,7,5
"1717",4,7,5
"1718",5,7,5
"1719",6,7,5
"1720",7,7,5
"1721",8,7,5
"1722",9,7,5
"1723",10,7,5
"1724",16,7,5
"1725",32,7,5
"1726",0.125,8,5
"1727",0.25,8,5
"1728",0.5,8,5
"1729",1,8,5
"1730",2,8,5
"1731",3,8,5
"1732",4,8,5
"1733",5,8,5
"1734",6,8,5
"1735",7,8,5
"1736",8,8,5
"1737",9,8,5
"1738",10,8,5
"1739",16,8,5
"1740",32,8,5
"1741",0.125,9,5
"1742",0.25,9,5
"1743",0.5,9,5
"1744",1,9,5
"1745",2,9,5
"1746",3,9,5
"1747",4,9,5
"1748",5,9,5
"1749",6,9,5
"1750",7,9,5
"1751",8,9,5
"1752",9,9,5
"1753",10,9,5
"1754",16,9,5
"1755",32,9,5
"1756",0.125,10,5
"1757",0.25,10,5
"1758",0.5,10,5
"1759",1,10,5
"1760",2,10,5
"1761",3,10,5
"1762",4,10,5
"1763",5,10,5
"1764",6,10,5
"1765",7,10,5
"1766",8,10,5
"1767",9,10,5
"1768",10,10,5
"1769",16,10,5
"1770",32,10,5
"1771",0.125,16,5
"1772",0.25,16,5
"1773",0.5,16,5
"1774",1,16,5
"1775",2,16,5
"1776",3,16,5
"1777",4,16,5
"1778",5,16,5
"1779",6,16,5
"1780",7,16,5
"1781",8,16,5
"1782",9,16,5
"1783",10,16,5
"1784",16,16,5
"1785",32,16,5
"1786",0.125,32,5
"1787",0.25,32,5
"1788",0.5,32,5
"1789",1,32,5
"1790",2,32,5
"1791",3,32,5
"1792",4,32,5
"1793",5,32,5
"1794",6,32,5
"1795",7,32,5
"1796",8,32,5
"1797",9,32,5
"1798",10,32,5
"1799",16,32,5
"1800",32,32,5
"1801",0.125,0.125,6
"1802",0.25,0.125,6
"1803",0.5,0.125,6
"1804",1,0.125,6
"1805",2,0.125,6
"1806",3,0.125,6
"1807",4,0.125,6
"1808",5,0.125,6
"1809",6,0.125,6
"1810",7,0.125,6
"1811",8,0.125,6
"1812",9,0.125,6
"1813",10,0.125,6
"1814",16,0.125,6
"1815",32,0.125,6
"1816",0.125,0.25,6
"1817",0.25,0.25,6
"1818",0.5,0.25,6
"1819",1,0.25,6
"1820",2,0.25,6
"1821",3,0.25,6
"1822",4,0.25,6
"1823",5,0.25,6
"1824",6,0.25,6
"1825",7,0.25,6
"1826",8,0.25,6
"1827",9,0.25,6
"1828",10,0.25,6
"1829",16,0.25,6
"1830",32,0.25,6
"1831",0.125,0.5,6
"1832",0.25,0.5,6
"1833",0.5,0.5,6
"1834",1,0.5,6
"1835",2,0.5,6
"1836",3,0.5,6
"1837",4,0.5,6
"1838",5,0.5,6
"1839",6,0.5,6
"1840",7,0.5,6
"1841",8,0.5,6
"1842",9,0.5,6
"1843",10,0.5,6
"1844",16,0.5,6
"1845",32,0.5,6
"1846",0.125,1,6
"1847",0.25,1,6
"1848",0.5,1,6
"1849",1,1,6
"1850",2,1,6
"1851",3,1,6
"1852",4,1,6
"1853",5,1,6
"1854",6,1,6
"1855",7,1,6
"1856",8,1,6
"1857",9,1,6
"1858",10,1,6
"1859",16,1,6
"1860",32,1,6
"1861",0.125,2,6
"1862",0.25,2,6
"1863",0.5,2,6
"1864",1,2,6
"1865",2,2,6
"1866",3,2,6
"1867",4,2,6
"1868",5,2,6
"1869",6,2,6
"1870",7,2,6
"1871",8,2,6
"1872",9,2,6
"1873",10,2,6
"1874",16,2,6
"1875",32,2,6
"1876",0.125,3,6
"1877",0.25,3,6
"1878",0.5,3,6
"1879",1,3,6
"1880",2,3,6
"1881",3,3,6
"1882",4,3,6
"1883",5,3,6
"1884",6,3,6
"1885",7,3,6
"1886",8,3,6
"1887",9,3,6
"1888",10,3,6
"1889",16,3,6
"1890",32,3,6
"1891",0.125,4,6
"1892",0.25,4,6
"1893",0.5,4,6
"1894",1,4,6
"1895",2,4,6
"1896",3,4,6
"1897",4,4,6
"1898",5,4,6
"1899",6,4,6
"1900",7,4,6
"1901",8,4,6
"1902",9,4,6
"1903",10,4,6
"1904",16,4,6
"1905",32,4,6
"1906",0.125,5,6
"1907",0.25,5,6
"1908",0.5,5,6
"1909",1,5,6
"1910",2,5,6
"1911",3,5,6
"1912",4,5,6
"1913",5,5,6
"1914",6,5,6
"1915",7,5,6
"1916",8,5,6
"1917",9,5,6
"1918",10,5,6
"1919",16,5,6
"1920",32,5,6
"1921",0.125,6,6
"1922",0.25,6,6
"1923",0.5,6,6
"1924",1,6,6
"1925",2,6,6
"1926",3,6,6
"1927",4,6,6
"1928",5,6,6
"1929",6,6,6
"1930",7,6,6
"1931",8,6,6
"1932",9,6,6
"1933",10,6,6
"1934",16,6,6
"1935",32,6,6
"1936",0.125,7,6
"1937",0.25,7,6
"1938",0.5,7,6
"1939",1,7,6
"1940",2,7,6
"1941",3,7,6
"1942",4,7,6
"1943",5,7,6
"1944",6,7,6
"1945",7,7,6
"1946",8,7,6
"1947",9,7,6
"1948",10,7,6
"1949",16,7,6
"1950",32,7,6
"1951",0.125,8,6
"1952",0.25,8,6
"1953",0.5,8,6
"1954",1,8,6
"1955",2,8,6
"1956",3,8,6
"1957",4,8,6
"1958",5,8,6
"1959",6,8,6
"1960",7,8,6
"1961",8,8,6
"1962",9,8,6
"1963",10,8,6
"1964",16,8,6
"1965",32,8,6
"1966",0.125,9,6
"1967",0.25,9,6
"1968",0.5,9,6
"1969",1,9,6
"1970",2,9,6
"1971",3,9,6
"1972",4,9,6
"1973",5,9,6
"1974",6,9,6
"1975",7,9,6
"1976",8,9,6
"1977",9,9,6
"1978",10,9,6
"1979",16,9,6
"1980",32,9,6
"1981",0.125,10,6
"1982",0.25,10,6
"1983",0.5,10,6
"1984",1,10,6
"1985",2,10,6
"1986",3,10,6
"1987",4,10,6
"1988",5,10,6
"1989",6,10,6
"1990",7,10,6
"1991",8,10,6
"1992",9,10,6
"1993",10,10,6
"1994",16,10,6
"1995",32,10,6
"1996",0.125,16,6
"1997",0.25,16,6
"1998",0.5,16,6
"1999",1,16,6
"2000",2,16,6
"2001",3,16,6
"2002",4,16,6
"2003",5,16,6
"2004",6,16,6
"2005",7,16,6
"2006",8,16,6
"2007",9,16,6
"2008",10,16,6
"2009",16,16,6
"2010",32,16,6
"2011",0.125,32,6
"2012",0.25,32,6
"2013",0.5,32,6
"2014",1,32,6
"2015",2,32,6
"2016",3,32,6
"2017",4,32,6
"2018",5,32,6
"2019",6,32,6
"2020",7,32,6
"2021",8,32,6
"2022",9,32,6
"2023",10,32,6
"2024",16,32,6
"2025",32,32,6
"2026",0.125,0.125,7
"2027",0.25,0.125,7
"2028",0.5,0.125,7
"2029",1,0.125,7
"2030",2,0.125,7
"2031",3,0.125,7
"2032",4,0.125,7
"2033",5,0.125,7
"2034",6,0.125,7
"2035",7,0.125,7
"2036",8,0.125,7
"2037",9,0.125,7
"2038",10,0.125,7
"2039",16,0.125,7
"2040",32,0.125,7
"2041",0.125,0.25,7
"2042",0.25,0.25,7
"2043",0.5,0.25,7
"2044",1,0.25,7
"2045",2,0.25,7
"2046",3,0.25,7
"2047",4,0.25,7
"2048",5,0.25,7
"2049",6,0.25,7
"2050",7,0.25,7
"2051",8,0.25,7
"2052",9,0.25,7
"2053",10,0.25,7
"2054",16,0.25,7
"2055",32,0.25,7
"2056",0.125,0.5,7
"2057",0.25,0.5,7
"2058",0.5,0.5,7
"2059",1,0.5,7
"2060",2,0.5,7
"2061",3,0.5,7
"2062",4,0.5,7
"2063",5,0.5,7
"2064",6,0.5,7
"2065",7,0.5,7
"2066",8,0.5,7
"2067",9,0.5,7
"2068",10,0.5,7
"2069",16,0.5,7
"2070",32,0.5,7
"2071",0.125,1,7
"2072",0.25,1,7
"2073",0.5,1,7
"2074",1,1,7
"2075",2,1,7
"2076",3,1,7
"2077",4,1,7
"2078",5,1,7
"2079",6,1,7
"2080",7,1,7
"2081",8,1,7
"2082",9,1,7
"2083",10,1,7
"2084",16,1,7
"2085",32,1,7
"2086",0.125,2,7
"2087",0.25,2,7
"2088",0.5,2,7
"2089",1,2,7
"2090",2,2,7
"2091",3,2,7
"2092",4,2,7
"2093",5,2,7
"2094",6,2,7
"2095",7,2,7
"2096",8,2,7
"2097",9,2,7
"2098",10,2,7
"2099",16,2,7
"2100",32,2,7
"2101",0.125,3,7
"2102",0.25,3,7
"2103",0.5,3,7
"2104",1,3,7
"2105",2,3,7
"2106",3,3,7
"2107",4,3,7
"2108",5,3,7
"2109",6,3,7
"2110",7,3,7
"2111",8,3,7
"2112",9,3,7
"2113",10,3,7
"2114",16,3,7
"2115",32,3,7
"2116",0.125,4,7
"2117",0.25,4,7
"2118",0.5,4,7
"2119",1,4,7
"2120",2,4,7
"2121",3,4,7
"2122",4,4,7
"2123",5,4,7
"2124",6,4,7
"2125",7,4,7
"2126",8,4,7
"2127",9,4,7
"2128",10,4,7
"2129",16,4,7
"2130",32,4,7
"2131",0.125,5,7
"2132",0.25,5,7
"2133",0.5,5,7
"2134",1,5,7
"2135",2,5,7
"2136",3,5,7
"2137",4,5,7
"2138",5,5,7
"2139",6,5,7
"2140",7,5,7
"2141",8,5,7
"2142",9,5,7
"2143",10,5,7
"2144",16,5,7
"2145",32,5,7
"2146",0.125,6,7
"2147",0.25,6,7
"2148",0.5,6,7
"2149",1,6,7
"2150",2,6,7
"2151",3,6,7
"2152",4,6,7
"2153",5,6,7
"2154",6,6,7
"2155",7,6,7
"2156",8,6,7
"2157",9,6,7
"2158",10,6,7
"2159",16,6,7
"2160",32,6,7
"2161",0.125,7,7
"2162",0.25,7,7
"2163",0.5,7,7
"2164",1,7,7
"2165",2,7,7
"2166",3,7,7
"2167",4,7,7
"2168",5,7,7
"2169",6,7,7
"2170",7,7,7
"2171",8,7,7
"2172",9,7,7
"2173",10,7,7
"2174",16,7,7
"2175",32,7,7
"2176",0.125,8,7
"2177",0.25,8,7
"2178",0.5,8,7
"2179",1,8,7
"2180",2,8,7
"2181",3,8,7
"2182",4,8,7
"2183",5,8,7
"2184",6,8,7
"2185",7,8,7
"2186",8,8,7
"2187",9,8,7
"2188",10,8,7
"2189",16,8,7
"2190",32,8,7
"2191",0.125,9,7
"2192",0.25,9,7
"2193",0.5,9,7
"2194",1,9,7
"2195",2,9,7
"2196",3,9,7
"2197",4,9,7
"2198",5,9,7
"2199",6,9,7
"2200",7,9,7
"2201",8,9,7
"2202",9,9,7
"2203",10,9,7
"2204",16,9,7
"2205",32,9,7
"2206",0.125,10,7
"2207",0.25,10,7
"2208",0.5,10,7
"2209",1,10,7
"2210",2,10,7
"2211",3,10,7
"2212",4,10,7
"2213",5,10,7
"2214",6,10,7
"2215",7,10,7
"2216",8,10,7
"2217",9,10,7
"2218",10,10,7
"2219",16,10,7
"2220",32,10,7
"2221",0.125,16,7
"2222",0.25,16,7
"2223",0.5,16,7
"2224",1,16,7
"2225",2,16,7
"2226",3,16,7
"2227",4,16,7
"2228",5,16,7
"2229",6,16,7
"2230",7,16,7
"2231",8,16,7
"2232",9,16,7
"2233",10,16,7
"2234",16,16,7
"2235",32,16,7
"2236",0.125,32,7
"2237",0.25,32,7
"2238",0.5,32,7
"2239",1,32,7
"2240",2,32,7
"2241",3,32,7
"2242",4,32,7
"2243",5,32,7
"2244",6,32,7
"2245",7,32,7
"2246",8,32,7
"2247",9,32,7
"2248",10,32,7
"2249",16,32,7
"2250",32,32,7
"2251",0.125,0.125,8
"2252",0.25,0.125,8
"2253",0.5,0.125,8
"2254",1,0.125,8
"2255",2,0.125,8
"2256",3,0.125,8
"2257",4,0.125,8
"2258",5,0.125,8
"2259",6,0.125,8
"2260",7,0.125,8
"2261",8,0.125,8
"2262",9,0.125,8
"2263",10,0.125,8
"2264",16,0.125,8
"2265",32,0.125,8
"2266",0.125,0.25,8
"2267",0.25,0.25,8
"2268",0.5,0.25,8
"2269",1,0.25,8
"2270",2,0.25,8
"2271",3,0.25,8
"2272",4,0.25,8
"2273",5,0.25,8
"2274",6,0.25,8
"2275",7,0.25,8
"2276",8,0.25,8
"2277",9,0.25,8
"2278",10,0.25,8
"2279",16,0.25,8
"2280",32,0.25,8
"2281",0.125,0.5,8
"2282",0.25,0.5,8
"2283",0.5,0.5,8
"2284",1,0.5,8
"2285",2,0.5,8
"2286",3,0.5,8
"2287",4,0.5,8
"2288",5,0.5,8
"2289",6,0.5,8
"2290",7,0.5,8
"2291",8,0.5,8
"2292",9,0.5,8
"2293",10,0.5,8
"2294",16,0.5,8
"2295",32,0.5,8
"2296",0.125,1,8
"2297",0.25,1,8
"2298",0.5,1,8
"2299",1,1,8
"2300",2,1,8
"2301",3,1,8
"2302",4,1,8
"2303",5,1,8
"2304",6,1,8
"2305",7,1,8
"2306",8,1,8
"2307",9,1,8
"2308",10,1,8
"2309",16,1,8
"2310",32,1,8
"2311",0.125,2,8
"2312",0.25,2,8
"2313",0.5,2,8
"2314",1,2,8
"2315",2,2,8
"2316",3,2,8
"2317",4,2,8
"2318",5,2,8
"2319",6,2,8
"2320",7,2,8
"2321",8,2,8
"2322",9,2,8
"2323",10,2,8
"2324",16,2,8
"2325",32,2,8
"2326",0.125,3,8
"2327",0.25,3,8
"2328",0.5,3,8
"2329",1,3,8
"2330",2,3,8
"2331",3,3,8
"2332",4,3,8
"2333",5,3,8
"2334",6,3,8
"2335",7,3,8
"2336",8,3,8
"2337",9,3,8
"2338",10,3,8
"2339",16,3,8
"2340",32,3,8
"2341",0.125,4,8
"2342",0.25,4,8
"2343",0.5,4,8
"2344",1,4,8
"2345",2,4,8
"2346",3,4,8
"2347",4,4,8
"2348",5,4,8
"2349",6,4,8
"2350",7,4,8
"2351",8,4,8
"2352",9,4,8
"2353",10,4,8
"2354",16,4,8
"2355",32,4,8
"2356",0.125,5,8
"2357",0.25,5,8
"2358",0.5,5,8
"2359",1,5,8
"2360",2,5,8
"2361",3,5,8
"2362",4,5,8
"2363",5,5,8
"2364",6,5,8
"2365",7,5,8
"2366",8,5,8
"2367",9,5,8
"2368",10,5,8
"2369",16,5,8
"2370",32,5,8
"2371",0.125,6,8
"2372",0.25,6,8
"2373",0.5,6,8
"2374",1,6,8
"2375",2,6,8
"2376",3,6,8
"2377",4,6,8
"2378",5,6,8
"2379",6,6,8
"2380",7,6,8
"2381",8,6,8
"2382",9,6,8
"2383",10,6,8
"2384",16,6,8
"2385",32,6,8
"2386",0.125,7,8
"2387",0.25,7,8
"2388",0.5,7,8
"2389",1,7,8
"2390",2,7,8
"2391",3,7,8
"2392",4,7,8
"2393",5,7,8
"2394",6,7,8
"2395",7,7,8
"2396",8,7,8
"2397",9,7,8
"2398",10,7,8
"2399",16,7,8
"2400",32,7,8
"2401",0.125,8,8
"2402",0.25,8,8
"2403",0.5,8,8
"2404",1,8,8
"2405",2,8,8
"2406",3,8,8
"2407",4,8,8
"2408",5,8,8
"2409",6,8,8
"2410",7,8,8
"2411",8,8,8
"2412",9,8,8
"2413",10,8,8
"2414",16,8,8
"2415",32,8,8
"2416",0.125,9,8
"2417",0.25,9,8
"2418",0.5,9,8
"2419",1,9,8
"2420",2,9,8
"2421",3,9,8
"2422",4,9,8
"2423",5,9,8
"2424",6,9,8
"2425",7,9,8
"2426",8,9,8
"2427",9,9,8
"2428",10,9,8
"2429",16,9,8
"2430",32,9,8
"2431",0.125,10,8
"2432",0.25,10,8
"2433",0.5,10,8
"2434",1,10,8
"2435",2,10,8
"2436",3,10,8
"2437",4,10,8
"2438",5,10,8
"2439",6,10,8
"2440",7,10,8
"2441",8,10,8
"2442",9,10,8
"2443",10,10,8
"2444",16,10,8
"2445",32,10,8
"2446",0.125,16,8
"2447",0.25,16,8
"2448",0.5,16,8
"2449",1,16,8
"2450",2,16,8
"2451",3,16,8
"2452",4,16,8
"2453",5,16,8
"2454",6,16,8
"2455",7,16,8
"2456",8,16,8
"2457",9,16,8
"2458",10,16,8
"2459",16,16,8
"2460",32,16,8
"2461",0.125,32,8
"2462",0.25,32,8
"2463",0.5,32,8
"2464",1,32,8
"2465",2,32,8
"2466",3,32,8
"2467",4,32,8
"2468",5,32,8
"2469",6,32,8
"2470",7,32,8
"2471",8,32,8
"2472",9,32,8
"2473",10,32,8
"2474",16,32,8
"2475",32,32,8
"2476",0.125,0.125,9
"2477",0.25,0.125,9
"2478",0.5,0.125,9
"2479",1,0.125,9
"2480",2,0.125,9
"2481",3,0.125,9
"2482",4,0.125,9
"2483",5,0.125,9
"2484",6,0.125,9
"2485",7,0.125,9
"2486",8,0.125,9
"2487",9,0.125,9
"2488",10,0.125,9
"2489",16,0.125,9
"2490",32,0.125,9
"2491",0.125,0.25,9
"2492",0.25,0.25,9
"2493",0.5,0.25,9
"2494",1,0.25,9
"2495",2,0.25,9
"2496",3,0.25,9
"2497",4,0.25,9
"2498",5,0.25,9
"2499",6,0.25,9
"2500",7,0.25,9
"2501",8,0.25,9
"2502",9,0.25,9
"2503",10,0.25,9
"2504",16,0.25,9
"2505",32,0.25,9
"2506",0.125,0.5,9
"2507",0.25,0.5,9
"2508",0.5,0.5,9
"2509",1,0.5,9
"2510",2,0.5,9
"2511",3,0.5,9
"2512",4,0.5,9
"2513",5,0.5,9
"2514",6,0.5,9
"2515",7,0.5,9
"2516",8,0.5,9
"2517",9,0.5,9
"2518",10,0.5,9
"2519",16,0.5,9
"2520",32,0.5,9
"2521",0.125,1,9
"2522",0.25,1,9
"2523",0.5,1,9
"2524",1,1,9
"2525",2,1,9
"2526",3,1,9
"2527",4,1,9
"2528",5,1,9
"2529",6,1,9
"2530",7,1,9
"2531",8,1,9
"2532",9,1,9
"2533",10,1,9
"2534",16,1,9
"2535",32,1,9
"2536",0.125,2,9
"2537",0.25,2,9
"2538",0.5,2,9
"2539",1,2,9
"2540",2,2,9
"2541",3,2,9
"2542",4,2,9
"2543",5,2,9
"2544",6,2,9
"2545",7,2,9
"2546",8,2,9
"2547",9,2,9
"2548",10,2,9
"2549",16,2,9
"2550",32,2,9
"2551",0.125,3,9
"2552",0.25,3,9
"2553",0.5,3,9
"2554",1,3,9
"2555",2,3,9
"2556",3,3,9
"2557",4,3,9
"2558",5,3,9
"2559",6,3,9
"2560",7,3,9
"2561",8,3,9
"2562",9,3,9
"2563",10,3,9
"2564",16,3,9
"2565",32,3,9
"2566",0.125,4,9
"2567",0.25,4,9
"2568",0.5,4,9
"2569",1,4,9
"2570",2,4,9
"2571",3,4,9
"2572",4,4,9
"2573",5,4,9
"2574",6,4,9
"2575",7,4,9
"2576",8,4,9
"2577",9,4,9
"2578",10,4,9
"2579",16,4,9
"2580",32,4,9
"2581",0.125,5,9
"2582",0.25,5,9
"2583",0.5,5,9
"2584",1,5,9
"2585",2,5,9
"2586",3,5,9
"2587",4,5,9
"2588",5,5,9
"2589",6,5,9
"2590",7,5,9
"2591",8,5,9
"2592",9,5,9
"2593",10,5,9
"2594",16,5,9
"2595",32,5,9
"2596",0.125,6,9
"2597",0.25,6,9
"2598",0.5,6,9
"2599",1,6,9
"2600",2,6,9
"2601",3,6,9
"2602",4,6,9
"2603",5,6,9
"2604",6,6,9
"2605",7,6,9
"2606",8,6,9
"2607",9,6,9
"2608",10,6,9
"2609",16,6,9
"2610",32,6,9
"2611",0.125,7,9
"2612",0.25,7,9
"2613",0.5,7,9
"2614",1,7,9
"2615",2,7,9
"2616",3,7,9
"2617",4,7,9
"2618",5,7,9
"2619",6,7,9
"2620",7,7,9
"2621",8,7,9
"2622",9,7,9
"2623",10,7,9
"2624",16,7,9
"2625",32,7,9
"2626",0.125,8,9
"2627",0.25,8,9
"2628",0.5,8,9
"2629",1,8,9
"2630",2,8,9
"2631",3,8,9
"2632",4,8,9
"2633",5,8,9
"2634",6,8,9
"2635",7,8,9
"2636",8,8,9
"2637",9,8,9
"2638",10,8,9
"2639",16,8,9
"2640",32,8,9
"2641",0.125,9,9
"2642",0.25,9,9
"2643",0.5,9,9
"2644",1,9,9
"2645",2,9,9
"2646",3,9,9
"2647",4,9,9
"2648",5,9,9
"2649",6,9,9
"2650",7,9,9
"2651",8,9,9
"2652",9,9,9
"2653",10,9,9
"2654",16,9,9
"2655",32,9,9
"2656",0.125,10,9
"2657",0.25,10,9
"2658",0.5,10,9
"2659",1,10,9
"2660",2,10,9
"2661",3,10,9
"2662",4,10,9
"2663",5,10,9
"2664",6,10,9
"2665",7,10,9
"2666",8,10,9
"2667",9,10,9
"2668",10,10,9
"2669",16,10,9
"2670",32,10,9
"2671",0.125,16,9
"2672",0.25,16,9
"2673",0.5,16,9
"2674",1,16,9
"2675",2,16,9
"2676",3,16,9
"2677",4,16,9
"2678",5,16,9
"2679",6,16,9
"2680",7,16,9
"2681",8,16,9
"2682",9,16,9
"2683",10,16,9
"2684",16,16,9
"2685",32,16,9
"2686",0.125,32,9
"2687",0.25,32,9
"2688",0.5,32,9
"2689",1,32,9
"2690",2,32,9
"2691",3,32,9
"2692",4,32,9
"2693",5,32,9
"2694",6,32,9
"2695",7,32,9
"2696",8,32,9
"2697",9,32,9
"2698",10,32,9
"2699",16,32,9
"2700",32,32,9
"2701",0.125,0.125,10
"2702",0.25,0.125,10
"2703",0.5,0.125,10
"2704",1,0.125,10
"2705",2,0.125,10
"2706",3,0.125,10
"2707",4,0.125,10
"2708",5,0.125,10
"2709",6,0.125,10
"2710",7,0.125,10
"2711",8,0.125,10
"2712",9,0.125,10
"2713",10,0.125,10
"2714",16,0.125,10
"2715",32,0.125,10
"2716",0.125,0.25,10
"2717",0.25,0.25,10
"2718",0.5,0.25,10
"2719",1,0.25,10
"2720",2,0.25,10
"2721",3,0.25,10
"2722",4,0.25,10
"2723",5,0.25,10
"2724",6,0.25,10
"2725",7,0.25,10
"2726",8,0.25,10
"2727",9,0.25,10
"2728",10,0.25,10
"2729",16,0.25,10
"2730",32,0.25,10
"2731",0.125,0.5,10
"2732",0.25,0.5,10
"2733",0.5,0.5,10
"2734",1,0.5,10
"2735",2,0.5,10
"2736",3,0.5,10
"2737",4,0.5,10
"2738",5,0.5,10
"2739",6,0.5,10
"2740",7,0.5,10
"2741",8,0.5,10
"2742",9,0.5,10
"2743",10,0.5,10
"2744",16,0.5,10
"2745",32,0.5,10
"2746",0.125,1,10
"2747",0.25,1,10
"2748",0.5,1,10
"2749",1,1,10
"2750",2,1,10
"2751",3,1,10
"2752",4,1,10
"2753",5,1,10
"2754",6,1,10
"2755",7,1,10
"2756",8,1,10
"2757",9,1,10
"2758",10,1,10
"2759",16,1,10
"2760",32,1,10
"2761",0.125,2,10
"2762",0.25,2,10
"2763",0.5,2,10
"2764",1,2,10
"2765",2,2,10
"2766",3,2,10
"2767",4,2,10
"2768",5,2,10
"2769",6,2,10
"2770",7,2,10
"2771",8,2,10
"2772",9,2,10
"2773",10,2,10
"2774",16,2,10
"2775",32,2,10
"2776",0.125,3,10
"2777",0.25,3,10
"2778",0.5,3,10
"2779",1,3,10
"2780",2,3,10
"2781",3,3,10
"2782",4,3,10
"2783",5,3,10
"2784",6,3,10
"2785",7,3,10
"2786",8,3,10
"2787",9,3,10
"2788",10,3,10
"2789",16,3,10
"2790",32,3,10
"2791",0.125,4,10
"2792",0.25,4,10
"2793",0.5,4,10
"2794",1,4,10
"2795",2,4,10
"2796",3,4,10
"2797",4,4,10
"2798",5,4,10
"2799",6,4,10
"2800",7,4,10
"2801",8,4,10
"2802",9,4,10
"2803",10,4,10
"2804",16,4,10
"2805",32,4,10
"2806",0.125,5,10
"2807",0.25,5,10
"2808",0.5,5,10
"2809",1,5,10
"2810",2,5,10
"2811",3,5,10
"2812",4,5,10
"2813",5,5,10
"2814",6,5,10
"2815",7,5,10
"2816",8,5,10
"2817",9,5,10
"2818",10,5,10
"2819",16,5,10
"2820",32,5,10
"2821",0.125,6,10
"2822",0.25,6,10
"2823",0.5,6,10
"2824",1,6,10
"2825",2,6,10
"2826",3,6,10
"2827",4,6,10
"2828",5,6,10
"2829",6,6,10
"2830",7,6,10
"2831",8,6,10
"2832",9,6,10
"2833",10,6,10
"2834",16,6,10
"2835",32,6,10
"2836",0.125,7,10
"2837",0.25,7,10
"2838",0.5,7,10
"2839",1,7,10
"2840",2,7,10
"2841",3,7,10
"2842",4,7,10
"2843",5,7,10
"2844",6,7,10
"2845",7,7,10
"2846",8,7,10
"2847",9,7,10
"2848",10,7,10
"2849",16,7,10
"2850",32,7,10
"2851",0.125,8,10
"2852",0.25,8,10
"2853",0.5,8,10
"2854",1,8,10
"2855",2,8,10
"2856",3,8,10
"2857",4,8,10
"2858",5,8,10
"2859",6,8,10
"2860",7,8,10
"2861",8,8,10
"2862",9,8,10
"2863",10,8,10
"2864",16,8,10
"2865",32,8,10
"2866",0.125,9,10
"2867",0.25,9,10
"2868",0.5,9,10
"2869",1,9,10
"2870",2,9,10
"2871",3,9,10
"2872",4,9,10
"2873",5,9,10
"2874",6,9,10
"2875",7,9,10
"2876",8,9,10
"2877",9,9,10
"2878",10,9,10
"2879",16,9,10
"2880",32,9,10
"2881",0.125,10,10
"2882",0.25,10,10
"2883",0.5,10,10
"2884",1,10,10
"2885",2,10,10
"2886",3,10,10
"2887",4,10,10
"2888",5,10,10
"2889",6,10,10
"2890",7,10,10
"2891",8,10,10
"2892",9,10,10
"2893",10,10,10
"2894",16,10,10
"2895",32,10,10
"2896",0.125,16,10
"2897",0.25,16,10
"2898",0.5,16,10
"2899",1,16,10
"2900",2,16,10
"2901",3,16,10
"2902",4,16,10
"2903",5,16,10
"2904",6,16,10
"2905",7,16,10
"2906",8,16,10
"2907",9,16,10
"2908",10,16,10
"2909",16,16,10
"2910",32,16,10
"2911",0.125,32,10
"2912",0.25,32,10
"2913",0.5,32,10
"2914",1,32,10
"2915",2,32,10
"2916",3,32,10
"2917",4,32,10
"2918",5,32,10
"2919",6,32,10
"2920",7,32,10
"2921",8,32,10
"2922",9,32,10
"2923",10,32,10
"2924",16,32,10
"2925",32,32,10
"2926",0.125,0.125,16
"2927",0.25,0.125,16
"2928",0.5,0.125,16
"2929",1,0.125,16
"2930",2,0.125,16
"2931",3,0.125,16
"2932",4,0.125,16
"2933",5,0.125,16
"2934",6,0.125,16
"2935",7,0.125,16
"2936",8,0.125,16
"2937",9,0.125,16
"2938",10,0.125,16
"2939",16,0.125,16
"2940",32,0.125,16
"2941",0.125,0.25,16
"2942",0.25,0.25,16
"2943",0.5,0.25,16
"2944",1,0.25,16
"2945",2,0.25,16
"2946",3,0.25,16
"2947",4,0.25,16
"2948",5,0.25,16
"2949",6,0.25,16
"2950",7,0.25,16
"2951",8,0.25,16
"2952",9,0.25,16
"2953",10,0.25,16
"2954",16,0.25,16
"2955",32,0.25,16
"2956",0.125,0.5,16
"2957",0.25,0.5,16
"2958",0.5,0.5,16
"2959",1,0.5,16
"2960",2,0.5,16
"2961",3,0.5,16
"2962",4,0.5,16
"2963",5,0.5,16
"2964",6,0.5,16
"2965",7,0.5,16
"2966",8,0.5,16
"2967",9,0.5,16
"2968",10,0.5,16
"2969",16,0.5,16
"2970",32,0.5,16
"2971",0.125,1,16
"2972",0.25,1,16
"2973",0.5,1,16
"2974",1,1,16
"2975",2,1,16
"2976",3,1,16
"2977",4,1,16
"2978",5,1,16
"2979",6,1,16
"2980",7,1,16
"2981",8,1,16
"2982",9,1,16
"2983",10,1,16
"2984",16,1,16
"2985",32,1,16
"2986",0.125,2,16
"2987",0.25,2,16
"2988",0.5,2,16
"2989",1,2,16
"2990",2,2,16
"2991",3,2,16
"2992",4,2,16
"2993",5,2,16
"2994",6,2,16
"2995",7,2,16
"2996",8,2,16
"2997",9,2,16
"2998",10,2,16
"2999",16,2,16
"3000",32,2,16
"3001",0.125,3,16
"3002",0.25,3,16
"3003",0.5,3,16
"3004",1,3,16
"3005",2,3,16
"3006",3,3,16
"3007",4,3,16
"3008",5,3,16
"3009",6,3,16
"3010",7,3,16
"3011",8,3,16
"3012",9,3,16
"3013",10,3,16
"3014",16,3,16
"3015",32,3,16
"3016",0.125,4,16
"3017",0.25,4,16
"3018",0.5,4,16
"3019",1,4,16
"3020",2,4,16
"3021",3,4,16
"3022",4,4,16
"3023",5,4,16
"3024",6,4,16
"3025",7,4,16
"3026",8,4,16
"3027",9,4,16
"3028",10,4,16
"3029",16,4,16
"3030",32,4,16
"3031",0.125,5,16
"3032",0.25,5,16
"3033",0.5,5,16
"3034",1,5,16
"3035",2,5,16
"3036",3,5,16
"3037",4,5,16
"3038",5,5,16
"3039",6,5,16
"3040",7,5,16
"3041",8,5,16
"3042",9,5,16
"3043",10,5,16
"3044",16,5,16
"3045",32,5,16
"3046",0.125,6,16
"3047",0.25,6,16
"3048",0.5,6,16
"3049",1,6,16
"3050",2,6,16
"3051",3,6,16
"3052",4,6,16
"3053",5,6,16
"3054",6,6,16
"3055",7,6,16
"3056",8,6,16
"3057",9,6,16
"3058",10,6,16
"3059",16,6,16
"3060",32,6,16
"3061",0.125,7,16
"3062",0.25,7,16
"3063",0.5,7,16
"3064",1,7,16
"3065",2,7,16
"3066",3,7,16
"3067",4,7,16
"3068",5,7,16
"3069",6,7,16
"3070",7,7,16
"3071",8,7,16
"3072",9,7,16
"3073",10,7,16
"3074",16,7,16
"3075",32,7,16
"3076",0.125,8,16
"3077",0.25,8,16
"3078",0.5,8,16
"3079",1,8,16
"3080",2,8,16
"3081",3,8,16
"3082",4,8,16
"3083",5,8,16
"3084",6,8,16
"3085",7,8,16
"3086",8,8,16
"3087",9,8,16
"3088",10,8,16
"3089",16,8,16
"3090",32,8,16
"3091",0.125,9,16
"3092",0.25,9,16
"3093",0.5,9,16
"3094",1,9,16
"3095",2,9,16
"3096",3,9,16
"3097",4,9,16
"3098",5,9,16
"3099",6,9,16
"3100",7,9,16
"3101",8,9,16
"3102",9,9,16
"3103",10,9,16
"3104",16,9,16
"3105",32,9,16
"3106",0.125,10,16
"3107",0.25,10,16
"3108",0.5,10,16
"3109",1,10,16
"3110",2,10,16
"3111",3,10,16
"3112",4,10,16
"3113",5,10,16
"3114",6,10,16
"3115",7,10,16
"3116",8,10,16
"3117",9,10,16
"3118",10,10,16
"3119",16,10,16
"3120",32,10,16
"3121",0.125,16,16
"3122",0.25,16,16
"3123",0.5,16,16
"3124",1,16,16
"3125",2,16,16
"3126",3,16,16
"3127",4,16,16
"3128",5,16,16
"3129",6,16,16
"3130",7,16,16
"3131",8,16,16
"3132",9,16,16
"3133",10,16,16
"3134",16,16,16
"3135",32,16,16
"3136",0.125,32,16
"3137",0.25,32,16
"3138",0.5,32,16
"3139",1,32,16
"3140",2,32,16
"3141",3,32,16
"3142",4,32,16
"3143",5,32,16
"3144",6,32,16
"3145",7,32,16
"3146",8,32,16
"3147",9,32,16
"3148",10,32,16
"3149",16,32,16
"3150",32,32,16
"3151",0.125,0.125,32
"3152",0.25,0.125,32
"3153",0.5,0.125,32
"3154",1,0.125,32
"3155",2,0.125,32
"3156",3,0.125,32
"3157",4,0.125,32
"3158",5,0.125,32
"3159",6,0.125,32
"3160",7,0.125,32
"3161",8,0.125,32
"3162",9,0.125,32
"3163",10,0.125,32
"3164",16,0.125,32
"3165",32,0.125,32
"3166",0.125,0.25,32
"3167",0.25,0.25,32
"3168",0.5,0.25,32
"3169",1,0.25,32
"3170",2,0.25,32
"3171",3,0.25,32
"3172",4,0.25,32
"3173",5,0.25,32
"3174",6,0.25,32
"3175",7,0.25,32
"3176",8,0.25,32
"3177",9,0.25,32
"3178",10,0.25,32
"3179",16,0.25,32
"3180",32,0.25,32
"3181",0.125,0.5,32
"3182",0.25,0.5,32
"3183",0.5,0.5,32
"3184",1,0.5,32
"3185",2,0.5,32
"3186",3,0.5,32
"3187",4,0.5,32
"3188",5,0.5,32
"3189",6,0.5,32
"3190",7,0.5,32
"3191",8,0.5,32
"3192",9,0.5,32
"3193",10,0.5,32
"3194",16,0.5,32
"3195",32,0.5,32
"3196",0.125,1,32
"3197",0.25,1,32
"3198",0.5,1,32
"3199",1,1,32
"3200",2,1,32
"3201",3,1,32
"3202",4,1,32
"3203",5,1,32
"3204",6,1,32
"3205",7,1,32
"3206",8,1,32
"3207",9,1,32
"3208",10,1,32
"3209",16,1,32
"3210",32,1,32
"3211",0.125,2,32
"3212",0.25,2,32
"3213",0.5,2,32
"3214",1,2,32
"3215",2,2,32
"3216",3,2,32
"3217",4,2,32
"3218",5,2,32
"3219",6,2,32
"3220",7,2,32
"3221",8,2,32
"3222",9,2,32
"3223",10,2,32
"3224",16,2,32
"3225",32,2,32
"3226",0.125,3,32
"3227",0.25,3,32
"3228",0.5,3,32
"3229",1,3,32
"3230",2,3,32
"3231",3,3,32
"3232",4,3,32
"3233",5,3,32
"3234",6,3,32
"3235",7,3,32
"3236",8,3,32
"3237",9,3,32
"3238",10,3,32
"3239",16,3,32
"3240",32,3,32
"3241",0.125,4,32
"3242",0.25,4,32
"3243",0.5,4,32
"3244",1,4,32
"3245",2,4,32
"3246",3,4,32
"3247",4,4,32
"3248",5,4,32
"3249",6,4,32
"3250",7,4,32
"3251",8,4,32
"3252",9,4,32
"3253",10,4,32
"3254",16,4,32
"3255",32,4,32
"3256",0.125,5,32
"3257",0.25,5,32
"3258",0.5,5,32
"3259",1,5,32
"3260",2,5,32
"3261",3,5,32
"3262",4,5,32
"3263",5,5,32
"3264",6,5,32
"3265",7,5,32
"3266",8,5,32
"3267",9,5,32
"3268",10,5,32
"3269",16,5,32
"3270",32,5,32
"3271",0.125,6,32
"3272",0.25,6,32
"3273",0.5,6,32
"3274",1,6,32
"3275",2,6,32
"3276",3,6,32
"3277",4,6,32
"3278",5,6,32
"3279",6,6,32
"3280",7,6,32
"3281",8,6,32
"3282",9,6,32
"3283",10,6,32
"3284",16,6,32
"3285",32,6,32
"3286",0.125,7,32
"3287",0.25,7,32
"3288",0.5,7,32
"3289",1,7,32
"3290",2,7,32
"3291",3,7,32
"3292",4,7,32
"3293",5,7,32
"3294",6,7,32
"3295",7,7,32
"3296",8,7,32
"3297",9,7,32
"3298",10,7,32
"3299",16,7,32
"3300",32,7,32
"3301",0.125,8,32
"3302",0.25,8,32
"3303",0.5,8,32
"3304",1,8,32
"3305",2,8,32
"3306",3,8,32
"3307",4,8,32
"3308",5,8,32
"3309",6,8,32
"3310",7,8,32
"3311",8,8,32
"3312",9,8,32
"3313",10,8,32
"3314",16,8,32
"3315",32,8,32
"3316",0.125,9,32
"3317",0.25,9,32
"3318",0.5,9,32
"3319",1,9,32
"3320",2,9,32
"3321",3,9,32
"3322",4,9,32
"3323",5,9,32
"3324",6,9,32
"3325",7,9,32
"3326",8,9,32
"3327",9,9,32
"3328",10,9,32
"3329",16,9,32
"3330",32,9,32
"3331",0.125,10,32
"3332",0.25,10,32
"3333",0.5,10,32
"3334",1,10,32
"3335",2,10,32
"3336",3,10,32
"3337",4,10,32
"3338",5,10,32
"3339",6,10,32
"3340",7,10,32
"3341",8,10,32
"3342",9,10,32
"3343",10,10,32
"3344",16,10,32
"3345",32,10,32
"3346",0.125,16,32
"3347",0.25,16,32
"3348",0.5,16,32
"3349",1,16,32
"3350",2,16,32
"3351",3,16,32
"3352",4,16,32
"3353",5,16,32
"3354",6,16,32
"3355",7,16,32
"3356",8,16,32
"3357",9,16,32
"3358",10,16,32
"3359",16,16,32
"3360",32,16,32
"3361",0.125,32,32
"3362",0.25,32,32
"3363",0.5,32,32
"3364",1,32,32
"3365",2,32,32
"3366",3,32,32
"3367",4,32,32
"3368",5,32,32
"3369",6,32,32
"3370",7,32,32
"3371",8,32,32
"3372",9,32,32
"3373",10,32,32
"3374",16,32,32
"3375",32,32,32
